ITEM_ID,SCOREPOINTS,P0,P1,P2,P3,P4,P5,P6
YY53,2,0.49875,-1.58973,0.19455,,,,
OX84,3,0.759,-1.17352,-0.34543,2.09642,,,
WZ23,1,1.02312,-0.9471,0.2,,,,
PI79,2,0.58979,-0.95977,1.38123,,,,
FE86,2,0.45082,-0.7787,0.86058,,,,
MT80,2,0.47064,-0.45642,0.44082,,,,
JM82,5,0.7005,-0.55645,1.56666,2.41481,1.80477,2.23154,
AF64,1,0.58789,-0.77418,0.1,,,,
YJ65,2,0.21754,-1.15913,3.15821,,,,
GI11,1,0.74883,-0.41612,0,,,,
TW37,1,0.7877,0.67686,0.32,,,,
JF49,2,0.43818,0.26875,1.40141,,,,
