"pattern","prior"
"000",0.0739439131005958
"100",0.113791540539478
"010",0.0653140031164064
"111",0.230114319074814
"110",0.0540846170896033
"001",0.204514646539123
"101",0.177424906555836
"011",0.0808120539841435

